epoch,step,train_loss_step
0,9,4.945810794830322
0,19,4.733652114868164
0,29,4.611995697021484
0,39,4.4644317626953125
0,49,4.449045181274414
